DayOfWeek,Period,NbrAppliances,Hour,KWH-6,KWH-5,KWH-4,KWH-3,KWH-2,KWH-1,KWH
5,1,2,1,0,0.002,0.088,0.111,0.109,0.075,0.084
5,1,2,2,0.002,0.088,0.111,0.109,0.075,0.084,0.101
5,1,2,3,0.088,0.111,0.109,0.075,0.084,0.101,0.089
5,1,2,4,0.111,0.109,0.075,0.084,0.101,0.089,0.097
5,1,2,5,0.109,0.075,0.084,0.101,0.089,0.097,0.114
5,1,2,6,0.075,0.084,0.101,0.089,0.097,0.114,0.104
5,2,2,1,0.084,0.101,0.089,0.097,0.114,0.104,0.081
5,2,2,2,0.101,0.089,0.097,0.114,0.104,0.081,0.115
5,2,3,3,0.089,0.097,0.114,0.104,0.081,0.115,0.155
5,2,3,4,0.097,0.114,0.104,0.081,0.115,0.155,1.295
5,2,3,5,0.114,0.104,0.081,0.115,0.155,1.295,0.129
5,2,2,6,0.104,0.081,0.115,0.155,1.295,0.129,0.16
5,3,2,1,0.081,0.115,0.155,1.295,0.129,0.16,0.143
5,3,2,2,0.115,0.155,1.295,0.129,0.16,0.143,0.132
5,3,3,3,0.155,1.295,0.129,0.16,0.143,0.132,0.145
5,3,2,4,1.295,0.129,0.16,0.143,0.132,0.145,0.112
5,3,2,5,0.129,0.16,0.143,0.132,0.145,0.112,0.081
5,3,3,6,0.16,0.143,0.132,0.145,0.112,0.081,0.114
5,4,2,1,0.143,0.132,0.145,0.112,0.081,0.114,0.108
5,4,3,2,0.132,0.145,0.112,0.081,0.114,0.108,0.089
5,4,3,3,0.145,0.112,0.081,0.114,0.108,0.089,1.27
5,4,3,4,0.112,0.081,0.114,0.108,0.089,1.27,0.134
5,4,3,5,0.081,0.114,0.108,0.089,1.27,0.134,0.082
5,4,2,6,0.114,0.108,0.089,1.27,0.134,0.082,0.101
6,1,2,1,0.108,0.089,1.27,0.134,0.082,0.101,0.085
6,1,2,2,0.089,1.27,0.134,0.082,0.101,0.085,0.096
6,1,3,3,1.27,0.134,0.082,0.101,0.085,0.096,0.082
6,1,2,4,0.134,0.082,0.101,0.085,0.096,0.082,0.108
6,1,3,5,0.082,0.101,0.085,0.096,0.082,0.108,0.113
6,1,2,6,0.101,0.085,0.096,0.082,0.108,0.113,0.072
6,2,3,1,0.085,0.096,0.082,0.108,0.113,0.072,0.115
6,2,3,2,0.096,0.082,0.108,0.113,0.072,0.115,0.115
6,2,1,3,0.082,0.108,0.113,0.072,0.115,0.115,0.073
6,2,3,4,0.108,0.113,0.072,0.115,0.115,0.073,0.114
6,2,2,5,0.113,0.072,0.115,0.115,0.073,0.114,0.114
6,2,1,6,0.072,0.115,0.115,0.073,0.114,0.114,0.088
6,3,2,1,0.115,0.115,0.073,0.114,0.114,0.088,0.161
6,3,3,2,0.115,0.073,0.114,0.114,0.088,0.161,0.156
6,3,1,3,0.073,0.114,0.114,0.088,0.161,0.156,0.117
6,3,2,4,0.114,0.114,0.088,0.161,0.156,0.117,0.15
6,3,3,5,0.114,0.088,0.161,0.156,0.117,0.15,0.14
6,3,2,6,0.088,0.161,0.156,0.117,0.15,0.14,0.078
6,4,2,1,0.161,0.156,0.117,0.15,0.14,0.078,0.109
6,4,2,2,0.156,0.117,0.15,0.14,0.078,0.109,0.112
6,4,3,3,0.117,0.15,0.14,0.078,0.109,0.112,0.079
6,4,2,4,0.15,0.14,0.078,0.109,0.112,0.079,0.105
6,4,2,5,0.14,0.078,0.109,0.112,0.079,0.105,0.112
6,4,2,6,0.078,0.109,0.112,0.079,0.105,0.112,0.085
7,1,2,1,0.109,0.112,0.079,0.105,0.112,0.085,0.073
7,1,3,2,0.112,0.079,0.105,0.112,0.085,0.073,0.098
7,1,3,3,0.079,0.105,0.112,0.085,0.073,0.098,0.093
7,1,2,4,0.105,0.112,0.085,0.073,0.098,0.093,0.09
7,1,3,5,0.112,0.085,0.073,0.098,0.093,0.09,0.51
7,1,3,6,0.085,0.073,0.098,0.093,0.09,0.51,0.859
7,2,3,1,0.073,0.098,0.093,0.09,0.51,0.859,0.089
7,2,3,2,0.098,0.093,0.09,0.51,0.859,0.089,0.116
7,2,3,3,0.093,0.09,0.51,0.859,0.089,0.116,0.109
7,2,3,4,0.09,0.51,0.859,0.089,0.116,0.109,0.081
7,2,2,5,0.51,0.859,0.089,0.116,0.109,0.081,0.112
7,2,2,6,0.859,0.089,0.116,0.109,0.081,0.112,0.121
7,3,2,1,0.089,0.116,0.109,0.081,0.112,0.121,0.889
7,3,4,2,0.116,0.109,0.081,0.112,0.121,0.889,0.246
7,3,3,3,0.109,0.081,0.112,0.121,0.889,0.246,0.239
7,3,3,4,0.081,0.112,0.121,0.889,0.246,0.239,1.688
7,3,4,5,0.112,0.121,0.889,0.246,0.239,1.688,1.464
7,3,3,6,0.121,0.889,0.246,0.239,1.688,1.464,0.486
7,4,3,1,0.889,0.246,0.239,1.688,1.464,0.486,0.088
7,4,4,2,0.246,0.239,1.688,1.464,0.486,0.088,0.129
7,4,3,3,0.239,1.688,1.464,0.486,0.088,0.129,0.116
7,4,3,4,1.688,1.464,0.486,0.088,0.129,0.116,0.082
7,4,3,5,1.464,0.486,0.088,0.129,0.116,0.082,0.1
7,4,2,6,0.486,0.088,0.129,0.116,0.082,0.1,0.112
1,1,3,1,0.088,0.129,0.116,0.082,0.1,0.112,0.062
1,1,2,2,0.129,0.116,0.082,0.1,0.112,0.062,0.078
1,1,3,3,0.116,0.082,0.1,0.112,0.062,0.078,0.113
1,1,3,4,0.082,0.1,0.112,0.062,0.078,0.113,0.09
1,1,2,5,0.1,0.112,0.062,0.078,0.113,0.09,0.093
1,1,3,6,0.112,0.062,0.078,0.113,0.09,0.093,0.109
1,2,2,1,0.062,0.078,0.113,0.09,0.093,0.109,0.1
1,2,3,2,0.078,0.113,0.09,0.093,0.109,0.1,0.087
1,2,2,3,0.113,0.09,0.093,0.109,0.1,0.087,0.108
1,2,3,4,0.09,0.093,0.109,0.1,0.087,0.108,0.103
1,2,3,5,0.093,0.109,0.1,0.087,0.108,0.103,0.08
1,2,2,6,0.109,0.1,0.087,0.108,0.103,0.08,0.108
1,3,3,1,0.1,0.087,0.108,0.103,0.08,0.108,0.106
1,3,2,2,0.087,0.108,0.103,0.08,0.108,0.106,0.074
1,3,2,3,0.108,0.103,0.08,0.108,0.106,0.074,0.11
1,3,2,4,0.103,0.08,0.108,0.106,0.074,0.11,0.114
1,3,2,5,0.08,0.108,0.106,0.074,0.11,0.114,1.189
1,3,3,6,0.108,0.106,0.074,0.11,0.114,1.189,0.244
1,4,3,1,0.106,0.074,0.11,0.114,1.189,0.244,0.109
1,4,1,2,0.074,0.11,0.114,1.189,0.244,0.109,0.071
1,4,3,3,0.11,0.114,1.189,0.244,0.109,0.071,0.111
1,4,2,4,0.114,1.189,0.244,0.109,0.071,0.111,0.11
1,4,3,5,1.189,0.244,0.109,0.071,0.111,0.11,0.076
1,4,2,6,0.244,0.109,0.071,0.111,0.11,0.076,0.105
2,1,2,1,0.109,0.071,0.111,0.11,0.076,0.105,0.086
2,1,3,2,0.071,0.111,0.11,0.076,0.105,0.086,0.065
2,1,3,3,0.111,0.11,0.076,0.105,0.086,0.065,0.104
2,1,3,4,0.11,0.076,0.105,0.086,0.065,0.104,0.108
2,1,2,5,0.076,0.105,0.086,0.065,0.104,0.108,0.088
2,1,3,6,0.105,0.086,0.065,0.104,0.108,0.088,0.095
2,2,2,1,0.086,0.065,0.104,0.108,0.088,0.095,0.114
2,2,3,2,0.065,0.104,0.108,0.088,0.095,0.114,0.094
2,2,3,3,0.104,0.108,0.088,0.095,0.114,0.094,0.091
2,2,2,4,0.108,0.088,0.095,0.114,0.094,0.091,0.111
2,2,3,5,0.088,0.095,0.114,0.094,0.091,0.111,0.1
2,2,2,6,0.095,0.114,0.094,0.091,0.111,0.1,0.1
2,3,2,1,0.114,0.094,0.091,0.111,0.1,0.1,0.154
2,3,2,2,0.094,0.091,0.111,0.1,0.1,0.154,0.134
2,3,3,3,0.091,0.111,0.1,0.1,0.154,0.134,0.091
2,3,2,4,0.111,0.1,0.1,0.154,0.134,0.091,0.116
2,3,2,5,0.1,0.1,0.154,0.134,0.091,0.116,0.11
2,3,3,6,0.1,0.154,0.134,0.091,0.116,0.11,0.082
2,4,2,1,0.154,0.134,0.091,0.116,0.11,0.082,0.108
2,4,3,2,0.134,0.091,0.116,0.11,0.082,0.108,0.111
2,4,2,3,0.091,0.116,0.11,0.082,0.108,0.111,0.895
2,4,3,4,0.116,0.11,0.082,0.108,0.111,0.895,0.788
2,4,3,5,0.11,0.082,0.108,0.111,0.895,0.788,0.116
2,4,2,6,0.082,0.108,0.111,0.895,0.788,0.116,0.076
3,1,2,1,0.108,0.111,0.895,0.788,0.116,0.076,0.088
3,1,2,2,0.111,0.895,0.788,0.116,0.076,0.088,0.063
3,1,3,3,0.895,0.788,0.116,0.076,0.088,0.063,0.081
3,1,3,4,0.788,0.116,0.076,0.088,0.063,0.081,0.103
3,1,2,5,0.116,0.076,0.088,0.063,0.081,0.103,0.112
3,1,3,6,0.076,0.088,0.063,0.081,0.103,0.112,0.08
3,2,3,1,0.088,0.063,0.081,0.103,0.112,0.08,0.104
3,2,2,2,0.063,0.081,0.103,0.112,0.08,0.104,0.114
3,2,3,3,0.081,0.103,0.112,0.08,0.104,0.114,0.101
3,2,2,4,0.103,0.112,0.08,0.104,0.114,0.101,0.09
3,2,2,5,0.112,0.08,0.104,0.114,0.101,0.09,0.114
3,2,3,6,0.08,0.104,0.114,0.101,0.09,0.114,0.104
3,3,2,1,0.104,0.114,0.101,0.09,0.114,0.104,0.085
3,3,2,2,0.114,0.101,0.09,0.114,0.104,0.085,0.116
3,3,3,3,0.101,0.09,0.114,0.104,0.085,0.116,0.104
3,3,2,4,0.09,0.114,0.104,0.085,0.116,0.104,0.09
3,3,2,5,0.114,0.104,0.085,0.116,0.104,0.09,0.119
3,3,4,6,0.104,0.085,0.116,0.104,0.09,0.119,0.479
3,4,4,1,0.085,0.116,0.104,0.09,0.119,0.479,0.176
3,4,3,2,0.116,0.104,0.09,0.119,0.479,0.176,0.127
3,4,3,3,0.104,0.09,0.119,0.479,0.176,0.127,0.878
3,4,3,4,0.09,0.119,0.479,0.176,0.127,0.878,0.533
3,4,3,5,0.119,0.479,0.176,0.127,0.878,0.533,0.483
3,4,3,6,0.479,0.176,0.127,0.878,0.533,0.483,0.23
4,1,3,1,0.176,0.127,0.878,0.533,0.483,0.23,0.468
4,1,3,2,0.127,0.878,0.533,0.483,0.23,0.468,0.303
4,1,3,3,0.878,0.533,0.483,0.23,0.468,0.303,0.117
4,1,3,4,0.533,0.483,0.23,0.468,0.303,0.117,0.109
4,1,2,5,0.483,0.23,0.468,0.303,0.117,0.109,0.113
4,1,3,6,0.23,0.468,0.303,0.117,0.109,0.113,0.076
4,2,3,1,0.468,0.303,0.117,0.109,0.113,0.076,0.106
4,2,4,2,0.303,0.117,0.109,0.113,0.076,0.106,0.523
4,2,4,3,0.117,0.109,0.113,0.076,0.106,0.523,1.125
4,2,4,4,0.109,0.113,0.076,0.106,0.523,1.125,0.645
4,2,3,5,0.113,0.076,0.106,0.523,1.125,0.645,0.531
4,2,3,6,0.076,0.106,0.523,1.125,0.645,0.531,0.158
4,3,2,1,0.106,0.523,1.125,0.645,0.531,0.158,0.075
4,3,3,2,0.523,1.125,0.645,0.531,0.158,0.075,0.114
4,3,2,3,1.125,0.645,0.531,0.158,0.075,0.114,0.111
4,3,2,4,0.645,0.531,0.158,0.075,0.114,0.111,0.57
4,3,4,5,0.531,0.158,0.075,0.114,0.111,0.57,0.2
4,3,4,6,0.158,0.075,0.114,0.111,0.57,0.2,0.209
4,4,2,1,0.075,0.114,0.111,0.57,0.2,0.209,0.114
4,4,3,2,0.114,0.111,0.57,0.2,0.209,0.114,0.076
4,4,3,3,0.111,0.57,0.2,0.209,0.114,0.076,0.95
4,4,4,4,0.57,0.2,0.209,0.114,0.076,0.95,0.571
4,4,3,5,0.2,0.209,0.114,0.076,0.95,0.571,0.11
4,4,4,6,0.209,0.114,0.076,0.95,0.571,0.11,0.128
5,1,4,1,0.114,0.076,0.95,0.571,0.11,0.128,0.107
5,1,3,2,0.076,0.95,0.571,0.11,0.128,0.107,0.07
5,1,3,3,0.95,0.571,0.11,0.128,0.107,0.07,0.096
5,1,4,4,0.571,0.11,0.128,0.107,0.07,0.096,0.123
5,1,3,5,0.11,0.128,0.107,0.07,0.096,0.123,0.124
5,1,4,6,0.128,0.107,0.07,0.096,0.123,0.124,0.102
5,2,4,1,0.107,0.07,0.096,0.123,0.124,0.102,0.13
5,2,3,2,0.07,0.096,0.123,0.124,0.102,0.13,0.127
5,2,4,3,0.096,0.123,0.124,0.102,0.13,0.127,0.1
5,2,5,4,0.123,0.124,0.102,0.13,0.127,0.1,0.768
5,2,4,5,0.124,0.102,0.13,0.127,0.1,0.768,0.706
5,2,3,6,0.102,0.13,0.127,0.1,0.768,0.706,0.107
5,3,4,1,0.13,0.127,0.1,0.768,0.706,0.107,0.178
5,3,4,2,0.127,0.1,0.768,0.706,0.107,0.178,0.183
5,3,4,3,0.1,0.768,0.706,0.107,0.178,0.183,0.153
5,3,4,4,0.768,0.706,0.107,0.178,0.183,0.153,0.543
5,3,4,5,0.706,0.107,0.178,0.183,0.153,0.543,0.881
5,3,4,6,0.107,0.178,0.183,0.153,0.543,0.881,0.33
5,4,5,1,0.178,0.183,0.153,0.543,0.881,0.33,0.339
5,4,3,2,0.183,0.153,0.543,0.881,0.33,0.339,0.14
5,4,3,3,0.153,0.543,0.881,0.33,0.339,0.14,0.103
5,4,4,4,0.543,0.881,0.33,0.339,0.14,0.103,0.294
5,4,4,5,0.881,0.33,0.339,0.14,0.103,0.294,0.189
5,4,5,6,0.33,0.339,0.14,0.103,0.294,0.189,0.333
6,1,5,1,0.339,0.14,0.103,0.294,0.189,0.333,0.324
6,1,4,2,0.14,0.103,0.294,0.189,0.333,0.324,0.351
6,1,4,3,0.103,0.294,0.189,0.333,0.324,0.351,0.179
6,1,5,4,0.294,0.189,0.333,0.324,0.351,0.179,0.118
6,1,3,5,0.189,0.333,0.324,0.351,0.179,0.118,0.138
6,1,3,6,0.333,0.324,0.351,0.179,0.118,0.138,0.137
6,2,4,1,0.324,0.351,0.179,0.118,0.138,0.137,0.136
6,2,3,2,0.351,0.179,0.118,0.138,0.137,0.136,0.1
6,2,4,3,0.179,0.118,0.138,0.137,0.136,0.1,0.125
6,2,3,4,0.118,0.138,0.137,0.136,0.1,0.125,0.143
6,2,2,5,0.138,0.137,0.136,0.1,0.125,0.143,0.111
6,2,4,6,0.137,0.136,0.1,0.125,0.143,0.111,0.151
6,3,4,1,0.136,0.1,0.125,0.143,0.111,0.151,0.175
6,3,4,2,0.1,0.125,0.143,0.111,0.151,0.175,0.163
6,3,3,3,0.125,0.143,0.111,0.151,0.175,0.163,0.13
6,3,4,4,0.143,0.111,0.151,0.175,0.163,0.13,0.132
6,3,3,5,0.111,0.151,0.175,0.163,0.13,0.132,0.147
6,3,3,6,0.151,0.175,0.163,0.13,0.132,0.147,0.132
6,4,3,1,0.175,0.163,0.13,0.132,0.147,0.132,0.085
6,4,4,2,0.163,0.13,0.132,0.147,0.132,0.085,0.14
6,4,3,3,0.13,0.132,0.147,0.132,0.085,0.14,0.128
6,4,3,4,0.132,0.147,0.132,0.085,0.14,0.128,0.088
6,4,3,5,0.147,0.132,0.085,0.14,0.128,0.088,0.139
6,4,3,6,0.132,0.085,0.14,0.128,0.088,0.139,0.116
7,1,3,1,0.085,0.14,0.128,0.088,0.139,0.116,0.074
7,1,4,2,0.14,0.128,0.088,0.139,0.116,0.074,0.088
7,1,4,3,0.128,0.088,0.139,0.116,0.074,0.088,0.124
7,1,2,4,0.088,0.139,0.116,0.074,0.088,0.124,0.095
7,1,4,5,0.139,0.116,0.074,0.088,0.124,0.095,0.122
7,1,3,6,0.116,0.074,0.088,0.124,0.095,0.122,0.132
7,2,3,1,0.074,0.088,0.124,0.095,0.122,0.132,0.092
7,2,3,2,0.088,0.124,0.095,0.122,0.132,0.092,0.113
7,2,4,3,0.124,0.095,0.122,0.132,0.092,0.113,0.138
7,2,2,4,0.095,0.122,0.132,0.092,0.113,0.138,0.078
7,2,4,5,0.122,0.132,0.092,0.113,0.138,0.078,0.128
7,2,3,6,0.132,0.092,0.113,0.138,0.078,0.128,0.161
7,3,3,1,0.092,0.113,0.138,0.078,0.128,0.161,0.103
7,3,3,2,0.113,0.138,0.078,0.128,0.161,0.103,0.175
7,3,4,3,0.138,0.078,0.128,0.161,0.103,0.175,0.148
7,3,4,4,0.078,0.128,0.161,0.103,0.175,0.148,0.09
7,3,3,5,0.128,0.161,0.103,0.175,0.148,0.09,0.14
7,3,3,6,0.161,0.103,0.175,0.148,0.09,0.14,0.11
7,4,3,1,0.103,0.175,0.148,0.09,0.14,0.11,0.1
7,4,4,2,0.175,0.148,0.09,0.14,0.11,0.1,0.127
7,4,3,3,0.148,0.09,0.14,0.11,0.1,0.127,0.114
7,4,4,4,0.09,0.14,0.11,0.1,0.127,0.114,0.102
7,4,3,5,0.14,0.11,0.1,0.127,0.114,0.102,0.114
7,4,3,6,0.11,0.1,0.127,0.114,0.102,0.114,0.127
1,1,4,1,0.1,0.127,0.114,0.102,0.114,0.127,0.099
1,1,3,2,0.127,0.114,0.102,0.114,0.127,0.099,0.122
1,1,3,3,0.114,0.102,0.114,0.127,0.099,0.122,0.131
1,1,3,4,0.102,0.114,0.127,0.099,0.122,0.131,0.082
1,1,4,5,0.114,0.127,0.099,0.122,0.131,0.082,0.144
1,1,3,6,0.127,0.099,0.122,0.131,0.082,0.144,0.117
1,2,3,1,0.099,0.122,0.131,0.082,0.144,0.117,0.091
1,2,3,2,0.122,0.131,0.082,0.144,0.117,0.091,0.137
1,2,3,3,0.131,0.082,0.144,0.117,0.091,0.137,0.1
1,2,3,4,0.082,0.144,0.117,0.091,0.137,0.1,0.108
1,2,4,5,0.144,0.117,0.091,0.137,0.1,0.108,0.13
1,2,4,6,0.117,0.091,0.137,0.1,0.108,0.13,0.12
1,3,3,1,0.091,0.137,0.1,0.108,0.13,0.12,0.146
1,3,3,2,0.137,0.1,0.108,0.13,0.12,0.146,0.152
1,3,3,3,0.1,0.108,0.13,0.12,0.146,0.152,0.163
1,3,4,4,0.108,0.13,0.12,0.146,0.152,0.163,0.143
1,3,3,5,0.13,0.12,0.146,0.152,0.163,0.143,0.154
1,3,4,6,0.12,0.146,0.152,0.163,0.143,0.154,0.132
1,4,3,1,0.146,0.152,0.163,0.143,0.154,0.132,0.082
1,4,3,2,0.152,0.163,0.143,0.154,0.132,0.082,0.134
1,4,4,3,0.163,0.143,0.154,0.132,0.082,0.134,0.116
1,4,3,4,0.143,0.154,0.132,0.082,0.134,0.116,0.091
1,4,4,5,0.154,0.132,0.082,0.134,0.116,0.091,0.136
1,4,4,6,0.132,0.082,0.134,0.116,0.091,0.136,0.103
2,1,3,1,0.082,0.134,0.116,0.091,0.136,0.103,0.108
2,1,4,2,0.134,0.116,0.091,0.136,0.103,0.108,0.131
2,1,3,3,0.116,0.091,0.136,0.103,0.108,0.131,0.108
2,1,3,4,0.091,0.136,0.103,0.108,0.131,0.108,0.112
2,1,4,5,0.136,0.103,0.108,0.131,0.108,0.112,0.122
2,1,3,6,0.103,0.108,0.131,0.108,0.112,0.122,0.123
2,2,3,1,0.108,0.131,0.108,0.112,0.122,0.123,0.104
2,2,4,2,0.131,0.108,0.112,0.122,0.123,0.104,0.12
2,2,3,3,0.108,0.112,0.122,0.123,0.104,0.12,0.123
2,2,3,4,0.112,0.122,0.123,0.104,0.12,0.123,0.088
2,2,3,5,0.122,0.123,0.104,0.12,0.123,0.088,0.134
2,2,4,6,0.123,0.104,0.12,0.123,0.088,0.134,0.138
2,3,3,1,0.104,0.12,0.123,0.088,0.134,0.138,0.13
2,3,4,2,0.12,0.123,0.088,0.134,0.138,0.13,0.176
2,3,3,3,0.123,0.088,0.134,0.138,0.13,0.176,0.141
2,3,3,4,0.088,0.134,0.138,0.13,0.176,0.141,0.144
2,3,4,5,0.134,0.138,0.13,0.176,0.141,0.144,0.164
2,3,3,6,0.138,0.13,0.176,0.141,0.144,0.164,0.117
2,4,4,1,0.13,0.176,0.141,0.144,0.164,0.117,0.103
2,4,3,2,0.176,0.141,0.144,0.164,0.117,0.103,0.118
2,4,4,3,0.141,0.144,0.164,0.117,0.103,0.118,0.119
2,4,4,4,0.144,0.164,0.117,0.103,0.118,0.119,0.105
2,4,2,5,0.164,0.117,0.103,0.118,0.119,0.105,0.112
2,4,3,6,0.117,0.103,0.118,0.119,0.105,0.112,0.13
3,1,4,1,0.103,0.118,0.119,0.105,0.112,0.13,0.092
3,1,3,2,0.118,0.119,0.105,0.112,0.13,0.092,0.127
3,1,4,3,0.119,0.105,0.112,0.13,0.092,0.127,0.138
3,1,3,4,0.105,0.112,0.13,0.092,0.127,0.138,0.081
3,1,3,5,0.112,0.13,0.092,0.127,0.138,0.081,0.143
3,1,4,6,0.13,0.092,0.127,0.138,0.081,0.143,0.119
3,2,3,1,0.092,0.127,0.138,0.081,0.143,0.119,0.092
3,2,3,2,0.127,0.138,0.081,0.143,0.119,0.092,0.137
3,2,2,3,0.138,0.081,0.143,0.119,0.092,0.137,0.108
3,2,4,4,0.081,0.143,0.119,0.092,0.137,0.108,0.102
3,2,4,5,0.143,0.119,0.092,0.137,0.108,0.102,0.117
3,2,3,6,0.119,0.092,0.137,0.108,0.102,0.117,0.131
3,3,4,1,0.092,0.137,0.108,0.102,0.117,0.131,0.094
3,3,3,2,0.137,0.108,0.102,0.117,0.131,0.094,0.117
3,3,4,3,0.108,0.102,0.117,0.131,0.094,0.117,0.136
3,3,3,4,0.102,0.117,0.131,0.094,0.117,0.136,0.101
3,3,3,5,0.117,0.131,0.094,0.117,0.136,0.101,0.139
3,3,4,6,0.131,0.094,0.117,0.136,0.101,0.139,0.138
3,4,2,1,0.094,0.117,0.136,0.101,0.139,0.138,0.075
3,4,3,2,0.117,0.136,0.101,0.139,0.138,0.075,0.137
3,4,4,3,0.136,0.101,0.139,0.138,0.075,0.137,0.116
3,4,2,4,0.101,0.139,0.138,0.075,0.137,0.116,0.091
3,4,4,5,0.139,0.138,0.075,0.137,0.116,0.091,0.132
3,4,4,6,0.138,0.075,0.137,0.116,0.091,0.132,0.119
4,1,2,1,0.075,0.137,0.116,0.091,0.132,0.119,0.096
4,1,3,2,0.137,0.116,0.091,0.132,0.119,0.096,0.113
4,1,3,3,0.116,0.091,0.132,0.119,0.096,0.113,0.14
4,1,4,4,0.091,0.132,0.119,0.096,0.113,0.14,0.09
4,1,4,5,0.132,0.119,0.096,0.113,0.14,0.09,0.127
4,1,3,6,0.119,0.096,0.113,0.14,0.09,0.127,0.136
4,2,3,1,0.096,0.113,0.14,0.09,0.127,0.136,0.077
4,2,3,2,0.113,0.14,0.09,0.127,0.136,0.077,0.133
4,2,4,3,0.14,0.09,0.127,0.136,0.077,0.133,0.123
4,2,3,4,0.09,0.127,0.136,0.077,0.133,0.123,0.092
4,2,4,5,0.127,0.136,0.077,0.133,0.123,0.092,0.13
4,2,3,6,0.136,0.077,0.133,0.123,0.092,0.13,0.111
4,3,3,1,0.077,0.133,0.123,0.092,0.13,0.111,0.101
4,3,3,2,0.133,0.123,0.092,0.13,0.111,0.101,0.11
4,3,3,3,0.123,0.092,0.13,0.111,0.101,0.11,0.132
4,3,3,4,0.092,0.13,0.111,0.101,0.11,0.132,0.104
4,3,4,5,0.13,0.111,0.101,0.11,0.132,0.104,0.116
4,3,4,6,0.111,0.101,0.11,0.132,0.104,0.116,0.141
4,4,2,1,0.101,0.11,0.132,0.104,0.116,0.141,0.08
4,4,4,2,0.11,0.132,0.104,0.116,0.141,0.08,0.125
4,4,3,3,0.132,0.104,0.116,0.141,0.08,0.125,0.123
4,4,4,4,0.104,0.116,0.141,0.08,0.125,0.123,0.098
4,4,3,5,0.116,0.141,0.08,0.125,0.123,0.098,0.125
4,4,3,6,0.141,0.08,0.125,0.123,0.098,0.125,0.114
5,1,4,1,0.08,0.125,0.123,0.098,0.125,0.114,0.114
5,1,3,2,0.125,0.123,0.098,0.125,0.114,0.114,0.104
5,1,4,3,0.123,0.098,0.125,0.114,0.114,0.104,0.141
5,1,3,4,0.098,0.125,0.114,0.114,0.104,0.141,0.107
5,1,4,5,0.125,0.114,0.114,0.104,0.141,0.107,0.111
5,1,3,6,0.114,0.114,0.104,0.141,0.107,0.111,0.138
5,2,3,1,0.114,0.104,0.141,0.107,0.111,0.138,0.097
5,2,4,2,0.104,0.141,0.107,0.111,0.138,0.097,0.125
5,2,3,3,0.141,0.107,0.111,0.138,0.097,0.125,0.128
5,2,4,4,0.107,0.111,0.138,0.097,0.125,0.128,0.114
5,2,3,5,0.111,0.138,0.097,0.125,0.128,0.114,0.121
5,2,2,6,0.138,0.097,0.125,0.128,0.114,0.121,0.119
5,3,4,1,0.097,0.125,0.128,0.114,0.121,0.119,0.121
5,3,3,2,0.125,0.128,0.114,0.121,0.119,0.121,0.098
5,3,3,3,0.128,0.114,0.121,0.119,0.121,0.098,0.143
5,3,4,4,0.114,0.121,0.119,0.121,0.098,0.143,0.121
5,3,3,5,0.121,0.119,0.121,0.098,0.143,0.121,0.11
5,3,4,6,0.119,0.121,0.098,0.143,0.121,0.11,0.147
5,4,2,1,0.121,0.098,0.143,0.121,0.11,0.147,0.102
5,4,4,2,0.098,0.143,0.121,0.11,0.147,0.102,0.114
5,4,4,3,0.143,0.121,0.11,0.147,0.102,0.114,0.126
5,4,3,4,0.121,0.11,0.147,0.102,0.114,0.126,0.12
5,4,4,5,0.11,0.147,0.102,0.114,0.126,0.12,0.111
5,4,3,6,0.147,0.102,0.114,0.126,0.12,0.111,0.122
6,1,4,1,0.102,0.114,0.126,0.12,0.111,0.122,0.133
6,1,2,2,0.114,0.126,0.12,0.111,0.122,0.133,0.083
6,1,4,3,0.126,0.12,0.111,0.122,0.133,0.083,0.141
6,1,4,4,0.12,0.111,0.122,0.133,0.083,0.141,0.127
6,1,3,5,0.111,0.122,0.133,0.083,0.141,0.127,0.092
6,1,4,6,0.122,0.133,0.083,0.141,0.127,0.092,0.14
6,2,2,1,0.133,0.083,0.141,0.127,0.092,0.14,0.113
6,2,4,2,0.083,0.141,0.127,0.092,0.14,0.113,0.108
6,2,4,3,0.141,0.127,0.092,0.14,0.113,0.108,0.132
6,2,3,4,0.127,0.092,0.14,0.113,0.108,0.132,0.126
6,2,3,5,0.092,0.14,0.113,0.108,0.132,0.126,0.103
6,2,3,6,0.14,0.113,0.108,0.132,0.126,0.103,0.118
6,3,3,1,0.113,0.108,0.132,0.126,0.103,0.118,0.141
6,3,4,2,0.108,0.132,0.126,0.103,0.118,0.141,0.086
6,3,3,3,0.132,0.126,0.103,0.118,0.141,0.086,0.136
6,3,5,4,0.126,0.103,0.118,0.141,0.086,0.136,0.316
6,3,5,5,0.103,0.118,0.141,0.086,0.136,0.316,0.17
6,3,4,6,0.118,0.141,0.086,0.136,0.316,0.17,0.492
6,4,5,1,0.141,0.086,0.136,0.316,0.17,0.492,0.223
6,4,3,2,0.086,0.136,0.316,0.17,0.492,0.223,0.633
6,4,5,3,0.136,0.316,0.17,0.492,0.223,0.633,0.219
6,4,4,4,0.316,0.17,0.492,0.223,0.633,0.219,0.332
6,4,4,5,0.17,0.492,0.223,0.633,0.219,0.332,0.481
6,4,4,6,0.492,0.223,0.633,0.219,0.332,0.481,0.211
7,1,4,1,0.223,0.633,0.219,0.332,0.481,0.211,0.979
7,1,4,2,0.633,0.219,0.332,0.481,0.211,0.979,0.176
7,1,4,3,0.219,0.332,0.481,0.211,0.979,0.176,0.217
7,1,3,4,0.332,0.481,0.211,0.979,0.176,0.217,0.124
7,1,4,5,0.481,0.211,0.979,0.176,0.217,0.124,0.105
7,1,3,6,0.211,0.979,0.176,0.217,0.124,0.105,0.119
7,2,4,1,0.979,0.176,0.217,0.124,0.105,0.119,0.137
7,2,3,2,0.176,0.217,0.124,0.105,0.119,0.137,0.106
7,2,4,3,0.217,0.124,0.105,0.119,0.137,0.106,0.693
7,2,4,4,0.124,0.105,0.119,0.137,0.106,0.693,1.318
7,2,4,5,0.105,0.119,0.137,0.106,0.693,1.318,0.585
7,2,5,6,0.119,0.137,0.106,0.693,1.318,0.585,0.213
7,3,4,1,0.137,0.106,0.693,1.318,0.585,0.213,1.077
7,3,5,2,0.106,0.693,1.318,0.585,0.213,1.077,0.517
7,3,5,3,0.693,1.318,0.585,0.213,1.077,0.517,0.215
7,3,5,4,1.318,0.585,0.213,1.077,0.517,0.215,1.693
7,3,5,5,0.585,0.213,1.077,0.517,0.215,1.693,0.268
7,3,4,6,0.213,1.077,0.517,0.215,1.693,0.268,0.394
7,4,4,1,1.077,0.517,0.215,1.693,0.268,0.394,0.167
7,4,3,2,0.517,0.215,1.693,0.268,0.394,0.167,0.139
7,4,3,3,0.215,1.693,0.268,0.394,0.167,0.139,0.121
7,4,4,4,1.693,0.268,0.394,0.167,0.139,0.121,0.269
7,4,4,5,0.268,0.394,0.167,0.139,0.121,0.269,0.194
7,4,4,6,0.394,0.167,0.139,0.121,0.269,0.194,0.142
1,1,3,1,0.167,0.139,0.121,0.269,0.194,0.142,0.328
1,1,4,2,0.139,0.121,0.269,0.194,0.142,0.328,0.108
1,1,3,3,0.121,0.269,0.194,0.142,0.328,0.108,0.139
1,1,3,4,0.269,0.194,0.142,0.328,0.108,0.139,0.117
1,1,4,5,0.194,0.142,0.328,0.108,0.139,0.117,0.11
1,1,3,6,0.142,0.328,0.108,0.139,0.117,0.11,0.124
1,2,4,1,0.328,0.108,0.139,0.117,0.11,0.124,0.126
1,2,3,2,0.108,0.139,0.117,0.11,0.124,0.126,0.126
1,2,5,3,0.139,0.117,0.11,0.124,0.126,0.126,0.477
1,2,4,4,0.117,0.11,0.124,0.126,0.126,0.477,0.183
1,2,4,5,0.11,0.124,0.126,0.126,0.477,0.183,0.143
1,2,4,6,0.124,0.126,0.126,0.477,0.183,0.143,0.089
1,3,3,1,0.126,0.126,0.477,0.183,0.143,0.089,0.129
1,3,4,2,0.126,0.477,0.183,0.143,0.089,0.129,0.144
1,3,4,3,0.477,0.183,0.143,0.089,0.129,0.144,0.26
1,3,5,4,0.183,0.143,0.089,0.129,0.144,0.26,0.327
1,3,5,5,0.143,0.089,0.129,0.144,0.26,0.327,1.501
1,3,4,6,0.089,0.129,0.144,0.26,0.327,1.501,0.381
1,4,3,1,0.129,0.144,0.26,0.327,1.501,0.381,0.082
1,4,5,2,0.144,0.26,0.327,1.501,0.381,0.082,0.343
1,4,5,3,0.26,0.327,1.501,0.381,0.082,0.343,0.187
1,4,4,4,0.327,1.501,0.381,0.082,0.343,0.187,0.1
1,4,3,5,1.501,0.381,0.082,0.343,0.187,0.1,0.127
1,4,4,6,0.381,0.082,0.343,0.187,0.1,0.127,0.135
2,1,3,1,0.082,0.343,0.187,0.1,0.127,0.135,0.115
2,1,4,2,0.343,0.187,0.1,0.127,0.135,0.115,0.105
2,1,5,3,0.187,0.1,0.127,0.135,0.115,0.105,0.32
2,1,4,4,0.1,0.127,0.135,0.115,0.105,0.32,0.178
2,1,3,5,0.127,0.135,0.115,0.105,0.32,0.178,0.116
2,1,4,6,0.135,0.115,0.105,0.32,0.178,0.116,0.108
2,2,3,1,0.115,0.105,0.32,0.178,0.116,0.108,0.135
2,2,4,2,0.105,0.32,0.178,0.116,0.108,0.135,0.128
2,2,3,3,0.32,0.178,0.116,0.108,0.135,0.128,0.091
2,2,3,4,0.178,0.116,0.108,0.135,0.128,0.091,0.14
2,2,4,5,0.116,0.108,0.135,0.128,0.091,0.14,0.133
2,2,4,6,0.108,0.135,0.128,0.091,0.14,0.133,0.125
2,3,5,1,0.135,0.128,0.091,0.14,0.133,0.125,0.322
2,3,3,2,0.128,0.091,0.14,0.133,0.125,0.322,0.138
2,3,3,3,0.091,0.14,0.133,0.125,0.322,0.138,0.1
2,3,3,4,0.14,0.133,0.125,0.322,0.138,0.1,0.122
2,3,4,5,0.133,0.125,0.322,0.138,0.1,0.122,0.55
2,3,3,6,0.125,0.322,0.138,0.1,0.122,0.55,1.212
2,4,4,1,0.322,0.138,0.1,0.122,0.55,1.212,0.106
2,4,3,2,0.138,0.1,0.122,0.55,1.212,0.106,0.127
2,4,4,3,0.1,0.122,0.55,1.212,0.106,0.127,0.143
2,4,3,4,0.122,0.55,1.212,0.106,0.127,0.143,0.118
2,4,4,5,0.55,1.212,0.106,0.127,0.143,0.118,0.131
2,4,4,6,1.212,0.106,0.127,0.143,0.118,0.131,0.143
3,1,3,1,0.106,0.127,0.143,0.118,0.131,0.143,0.133
3,1,3,2,0.127,0.143,0.118,0.131,0.143,0.133,0.086
3,1,4,3,0.143,0.118,0.131,0.143,0.133,0.086,0.133
3,1,4,4,0.118,0.131,0.143,0.133,0.086,0.133,0.136
3,1,3,5,0.131,0.143,0.133,0.086,0.133,0.136,0.103
3,1,4,6,0.143,0.133,0.086,0.133,0.136,0.103,0.113
3,2,4,1,0.133,0.086,0.133,0.136,0.103,0.113,0.141
3,2,3,2,0.086,0.133,0.136,0.103,0.113,0.141,0.117
3,2,4,3,0.133,0.136,0.103,0.113,0.141,0.117,0.101
3,2,3,4,0.136,0.103,0.113,0.141,0.117,0.101,0.139
3,2,4,5,0.103,0.113,0.141,0.117,0.101,0.139,0.136
3,2,2,6,0.113,0.141,0.117,0.101,0.139,0.136,0.082
3,3,4,1,0.141,0.117,0.101,0.139,0.136,0.082,0.141
3,3,4,2,0.117,0.101,0.139,0.136,0.082,0.141,0.138
3,3,4,3,0.101,0.139,0.136,0.082,0.141,0.138,0.304
3,3,5,4,0.139,0.136,0.082,0.141,0.138,0.304,0.135
3,3,3,5,0.136,0.082,0.141,0.138,0.304,0.135,0.145
3,3,3,6,0.082,0.141,0.138,0.304,0.135,0.145,0.121
3,4,4,1,0.141,0.138,0.304,0.135,0.145,0.121,0.617
3,4,4,2,0.138,0.304,0.135,0.145,0.121,0.617,1.1
3,4,3,3,0.304,0.135,0.145,0.121,0.617,1.1,0.124
3,4,3,4,0.135,0.145,0.121,0.617,1.1,0.124,0.095
3,4,4,5,0.145,0.121,0.617,1.1,0.124,0.095,0.135
3,4,3,6,0.121,0.617,1.1,0.124,0.095,0.135,0.129
4,1,4,1,0.617,1.1,0.124,0.095,0.135,0.129,0.112
4,1,4,2,1.1,0.124,0.095,0.135,0.129,0.112,0.484
4,1,4,3,0.124,0.095,0.135,0.129,0.112,0.484,1.135
4,1,4,4,0.095,0.135,0.129,0.112,0.484,1.135,0.131
4,1,3,5,0.135,0.129,0.112,0.484,1.135,0.131,0.109
4,1,3,6,0.129,0.112,0.484,1.135,0.131,0.109,0.138
4,2,3,1,0.112,0.484,1.135,0.131,0.109,0.138,0.137
4,2,4,2,0.484,1.135,0.131,0.109,0.138,0.137,0.099
4,2,3,3,1.135,0.131,0.109,0.138,0.137,0.099,0.125
4,2,5,4,0.131,0.109,0.138,0.137,0.099,0.125,0.289
4,2,5,5,0.109,0.138,0.137,0.099,0.125,0.289,0.864
4,2,4,6,0.138,0.137,0.099,0.125,0.289,0.864,0.18
4,3,4,1,0.137,0.099,0.125,0.289,0.864,0.18,1.127
4,3,5,2,0.099,0.125,0.289,0.864,0.18,1.127,1.042
4,3,5,3,0.125,0.289,0.864,0.18,1.127,1.042,0.114
4,3,4,4,0.289,0.864,0.18,1.127,1.042,0.114,0.158
4,3,4,5,0.864,0.18,1.127,1.042,0.114,0.158,0.134
4,3,3,6,0.18,1.127,1.042,0.114,0.158,0.134,0.117
4,4,4,1,1.127,1.042,0.114,0.158,0.134,0.117,0.116
4,4,3,2,1.042,0.114,0.158,0.134,0.117,0.116,0.123
4,4,4,3,0.114,0.158,0.134,0.117,0.116,0.123,0.129
4,4,3,4,0.158,0.134,0.117,0.116,0.123,0.129,0.123
4,4,4,5,0.134,0.117,0.116,0.123,0.129,0.123,0.134
4,4,4,6,0.117,0.116,0.123,0.129,0.123,0.134,1.03
5,1,4,1,0.116,0.123,0.129,0.123,0.134,1.03,0.756
5,1,4,2,0.123,0.129,0.123,0.134,1.03,0.756,0.123
5,1,3,3,0.129,0.123,0.134,1.03,0.756,0.123,0.124
5,1,4,4,0.123,0.134,1.03,0.756,0.123,0.124,0.117
5,1,3,5,0.134,1.03,0.756,0.123,0.124,0.117,0.118
5,1,4,6,1.03,0.756,0.123,0.124,0.117,0.118,0.12
5,2,4,1,0.756,0.123,0.124,0.117,0.118,0.12,0.135
5,2,2,2,0.123,0.124,0.117,0.118,0.12,0.135,0.101
5,2,4,3,0.124,0.117,0.118,0.12,0.135,0.101,0.121
5,2,3,4,0.117,0.118,0.12,0.135,0.101,0.121,0.135
5,2,4,5,0.118,0.12,0.135,0.101,0.121,0.135,0.122
5,2,3,6,0.12,0.135,0.101,0.121,0.135,0.122,0.109
5,3,4,1,0.135,0.101,0.121,0.135,0.122,0.109,0.132
5,3,4,2,0.101,0.121,0.135,0.122,0.109,0.132,0.132
5,3,3,3,0.121,0.135,0.122,0.109,0.132,0.132,0.104
5,3,4,4,0.135,0.122,0.109,0.132,0.132,0.104,0.14
5,3,3,5,0.122,0.109,0.132,0.132,0.104,0.14,0.139
5,3,4,6,0.109,0.132,0.132,0.104,0.14,0.139,1.04
5,4,4,1,0.132,0.132,0.104,0.14,0.139,1.04,0.347
5,4,4,2,0.132,0.104,0.14,0.139,1.04,0.347,0.167
5,4,3,3,0.104,0.14,0.139,1.04,0.347,0.167,0.128
5,4,4,4,0.14,0.139,1.04,0.347,0.167,0.128,0.416
5,4,4,5,0.139,1.04,0.347,0.167,0.128,0.416,1.081
5,4,4,6,1.04,0.347,0.167,0.128,0.416,1.081,0.14
6,1,3,1,0.347,0.167,0.128,0.416,1.081,0.14,0.102
6,1,4,2,0.167,0.128,0.416,1.081,0.14,0.102,0.083
6,1,3,3,0.128,0.416,1.081,0.14,0.102,0.083,0.106
6,1,3,4,0.416,1.081,0.14,0.102,0.083,0.106,0.131
6,1,4,5,1.081,0.14,0.102,0.083,0.106,0.131,0.139
6,1,3,6,0.14,0.102,0.083,0.106,0.131,0.139,0.09
6,2,4,1,0.102,0.083,0.106,0.131,0.139,0.09,0.121
6,2,4,2,0.083,0.106,0.131,0.139,0.09,0.121,0.136
6,2,3,3,0.106,0.131,0.139,0.09,0.121,0.136,0.119
6,2,3,4,0.131,0.139,0.09,0.121,0.136,0.119,0.12
6,2,3,5,0.139,0.09,0.121,0.136,0.119,0.12,0.13
6,2,5,6,0.09,0.121,0.136,0.119,0.12,0.13,0.333
6,3,4,1,0.121,0.136,0.119,0.12,0.13,0.333,0.45
6,3,5,2,0.136,0.119,0.12,0.13,0.333,0.45,0.25
6,3,4,3,0.119,0.12,0.13,0.333,0.45,0.25,0.17
6,3,4,4,0.12,0.13,0.333,0.45,0.25,0.17,0.117
6,3,4,5,0.13,0.333,0.45,0.25,0.17,0.117,0.14
6,3,3,6,0.333,0.45,0.25,0.17,0.117,0.14,0.124
6,4,4,1,0.45,0.25,0.17,0.117,0.14,0.124,0.101
6,4,3,2,0.25,0.17,0.117,0.14,0.124,0.101,0.136
6,4,4,3,0.17,0.117,0.14,0.124,0.101,0.136,0.135
6,4,3,4,0.117,0.14,0.124,0.101,0.136,0.135,0.11
6,4,4,5,0.14,0.124,0.101,0.136,0.135,0.11,0.139
6,4,3,6,0.124,0.101,0.136,0.135,0.11,0.139,0.135
7,1,4,1,0.101,0.136,0.135,0.11,0.139,0.135,0.066
7,1,3,2,0.136,0.135,0.11,0.139,0.135,0.066,0.097
7,1,3,3,0.135,0.11,0.139,0.135,0.066,0.097,0.136
7,1,4,4,0.11,0.139,0.135,0.066,0.097,0.136,0.097
7,1,4,5,0.139,0.135,0.066,0.097,0.136,0.097,0.141
7,1,3,6,0.135,0.066,0.097,0.136,0.097,0.141,0.12
7,2,4,1,0.066,0.097,0.136,0.097,0.141,0.12,0.092
7,2,3,2,0.097,0.136,0.097,0.141,0.12,0.092,0.138
7,2,4,3,0.136,0.097,0.141,0.12,0.092,0.138,0.137
7,2,4,4,0.097,0.141,0.12,0.092,0.138,0.137,0.098
7,2,3,5,0.141,0.12,0.092,0.138,0.137,0.098,0.137
7,2,4,6,0.12,0.092,0.138,0.137,0.098,0.137,0.129
7,3,3,1,0.092,0.138,0.137,0.098,0.137,0.129,0.096
7,3,4,2,0.138,0.137,0.098,0.137,0.129,0.096,0.146
7,3,4,3,0.137,0.098,0.137,0.129,0.096,0.146,0.176
7,3,3,4,0.098,0.137,0.129,0.096,0.146,0.176,1.315
7,3,4,5,0.137,0.129,0.096,0.146,0.176,1.315,0.139
7,3,3,6,0.129,0.096,0.146,0.176,1.315,0.139,0.132
7,4,3,1,0.096,0.146,0.176,1.315,0.139,0.132,0.091
7,4,3,2,0.146,0.176,1.315,0.139,0.132,0.091,0.136
7,4,3,3,0.176,1.315,0.139,0.132,0.091,0.136,0.14
7,4,3,4,1.315,0.139,0.132,0.091,0.136,0.14,0.103
7,4,3,5,0.139,0.132,0.091,0.136,0.14,0.103,0.138
7,4,3,6,0.132,0.091,0.136,0.14,0.103,0.138,0.141
1,1,3,1,0.091,0.136,0.14,0.103,0.138,0.141,0.091
1,1,4,2,0.136,0.14,0.103,0.138,0.141,0.091,0.122
1,1,3,3,0.14,0.103,0.138,0.141,0.091,0.122,0.137
1,1,4,4,0.103,0.138,0.141,0.091,0.122,0.137,0.104
1,1,4,5,0.138,0.141,0.091,0.122,0.137,0.104,0.132
1,1,3,6,0.141,0.091,0.122,0.137,0.104,0.132,0.132
1,2,4,1,0.091,0.122,0.137,0.104,0.132,0.132,0.097
1,2,3,2,0.122,0.137,0.104,0.132,0.132,0.097,0.122
1,2,4,3,0.137,0.104,0.132,0.132,0.097,0.122,0.138
1,2,3,4,0.104,0.132,0.132,0.097,0.122,0.138,0.112
1,2,4,5,0.132,0.132,0.097,0.122,0.138,0.112,0.126
1,2,4,6,0.132,0.097,0.122,0.138,0.112,0.126,0.13
1,3,3,1,0.097,0.122,0.138,0.112,0.126,0.13,0.116
1,3,4,2,0.122,0.138,0.112,0.126,0.13,0.116,0.126
1,3,3,3,0.138,0.112,0.126,0.13,0.116,0.126,0.131
1,3,4,4,0.112,0.126,0.13,0.116,0.126,0.131,0.26
1,3,4,5,0.126,0.13,0.116,0.126,0.131,0.26,1.23
1,3,4,6,0.13,0.116,0.126,0.131,0.26,1.23,0.384
1,4,4,1,0.116,0.126,0.131,0.26,1.23,0.384,0.109
1,4,4,2,0.126,0.131,0.26,1.23,0.384,0.109,0.118
1,4,4,3,0.131,0.26,1.23,0.384,0.109,0.118,0.148
1,4,4,4,0.26,1.23,0.384,0.109,0.118,0.148,0.131
1,4,3,5,1.23,0.384,0.109,0.118,0.148,0.131,0.102
1,4,4,6,0.384,0.109,0.118,0.148,0.131,0.102,0.14
2,1,3,1,0.109,0.118,0.148,0.131,0.102,0.14,0.123
2,1,4,2,0.118,0.148,0.131,0.102,0.14,0.123,0.102
2,1,4,3,0.148,0.131,0.102,0.14,0.123,0.102,0.135
2,1,3,4,0.131,0.102,0.14,0.123,0.102,0.135,0.123
2,1,4,5,0.102,0.14,0.123,0.102,0.135,0.123,0.111
2,1,3,6,0.14,0.123,0.102,0.135,0.123,0.111,0.125
2,2,4,1,0.123,0.102,0.135,0.123,0.111,0.125,0.125
2,2,3,2,0.102,0.135,0.123,0.111,0.125,0.125,0.112
2,2,4,3,0.135,0.123,0.111,0.125,0.125,0.112,0.127
2,2,3,4,0.123,0.111,0.125,0.125,0.112,0.127,0.127
2,2,4,5,0.111,0.125,0.125,0.112,0.127,0.127,0.115
2,2,3,6,0.125,0.125,0.112,0.127,0.127,0.115,0.124
2,3,5,1,0.125,0.112,0.127,0.127,0.115,0.124,0.963
2,3,4,2,0.112,0.127,0.127,0.115,0.124,0.963,0.22
2,3,5,3,0.127,0.127,0.115,0.124,0.963,0.22,0.219
2,3,5,4,0.127,0.115,0.124,0.963,0.22,0.219,0.141
2,3,4,5,0.115,0.124,0.963,0.22,0.219,0.141,0.543
2,3,4,6,0.124,0.963,0.22,0.219,0.141,0.543,1.241
2,4,4,1,0.963,0.22,0.219,0.141,0.543,1.241,0.358
2,4,4,2,0.22,0.219,0.141,0.543,1.241,0.358,1.48
2,4,5,3,0.219,0.141,0.543,1.241,0.358,1.48,0.35
2,4,3,4,0.141,0.543,1.241,0.358,1.48,0.35,0.112
2,4,5,5,0.543,1.241,0.358,1.48,0.35,0.112,0.14
2,4,4,6,1.241,0.358,1.48,0.35,0.112,0.14,0.129
3,1,3,1,0.358,1.48,0.35,0.112,0.14,0.129,0.109
3,1,4,2,1.48,0.35,0.112,0.14,0.129,0.109,0.121
3,1,3,3,0.35,0.112,0.14,0.129,0.109,0.121,0.114
3,1,4,4,0.112,0.14,0.129,0.109,0.121,0.114,0.123
3,1,3,5,0.14,0.129,0.109,0.121,0.114,0.123,0.131
3,1,4,6,0.129,0.109,0.121,0.114,0.123,0.131,0.09
3,2,4,1,0.109,0.121,0.114,0.123,0.131,0.09,0.141
3,2,3,2,0.121,0.114,0.123,0.131,0.09,0.141,0.137
3,2,3,3,0.114,0.123,0.131,0.09,0.141,0.137,0.083
3,2,3,4,0.123,0.131,0.09,0.141,0.137,0.083,0.139
3,2,3,5,0.131,0.09,0.141,0.137,0.083,0.139,0.129
3,2,4,6,0.09,0.141,0.137,0.083,0.139,0.129,0.093
3,3,3,1,0.141,0.137,0.083,0.139,0.129,0.093,0.148
3,3,4,2,0.137,0.083,0.139,0.129,0.093,0.148,0.157
3,3,4,3,0.083,0.139,0.129,0.093,0.148,0.157,0.172
3,3,3,4,0.139,0.129,0.093,0.148,0.157,0.172,0.191
3,3,4,5,0.129,0.093,0.148,0.157,0.172,0.191,0.169
3,3,4,6,0.093,0.148,0.157,0.172,0.191,0.169,0.159
3,4,4,1,0.148,0.157,0.172,0.191,0.169,0.159,0.642
3,4,4,2,0.157,0.172,0.191,0.169,0.159,0.642,1.059
3,4,3,3,0.172,0.191,0.169,0.159,0.642,1.059,0.121
3,4,3,4,0.191,0.169,0.159,0.642,1.059,0.121,0.142
3,4,4,5,0.169,0.159,0.642,1.059,0.121,0.142,0.143
3,4,3,6,0.159,0.642,1.059,0.121,0.142,0.143,0.114
4,1,4,1,0.642,1.059,0.121,0.142,0.143,0.114,0.111
4,1,4,2,1.059,0.121,0.142,0.143,0.114,0.111,0.502
4,1,4,3,0.121,0.142,0.143,0.114,0.111,0.502,1.135
4,1,4,4,0.142,0.143,0.114,0.111,0.502,1.135,0.128
4,1,4,5,0.143,0.114,0.111,0.502,1.135,0.128,0.109
4,1,3,6,0.114,0.111,0.502,1.135,0.128,0.109,0.126
4,2,4,1,0.111,0.502,1.135,0.128,0.109,0.126,0.123
4,2,3,2,0.502,1.135,0.128,0.109,0.126,0.123,0.131
4,2,3,3,1.135,0.128,0.109,0.126,0.123,0.131,0.129
4,2,4,4,0.128,0.109,0.126,0.123,0.131,0.129,0.136
4,2,4,5,0.109,0.126,0.123,0.131,0.129,0.136,0.126
4,2,3,6,0.126,0.123,0.131,0.129,0.136,0.126,0.104
4,3,4,1,0.123,0.131,0.129,0.136,0.126,0.104,0.137
4,3,3,2,0.131,0.129,0.136,0.126,0.104,0.137,0.124
4,3,4,3,0.129,0.136,0.126,0.104,0.137,0.124,0.096
4,3,3,4,0.136,0.126,0.104,0.137,0.124,0.096,0.146
4,3,4,5,0.126,0.104,0.137,0.124,0.096,0.146,0.133
4,3,3,6,0.104,0.137,0.124,0.096,0.146,0.133,0.097
4,4,3,1,0.137,0.124,0.096,0.146,0.133,0.097,0.141
4,4,4,2,0.124,0.096,0.146,0.133,0.097,0.141,0.12
4,4,3,3,0.096,0.146,0.133,0.097,0.141,0.12,0.098
4,4,2,4,0.146,0.133,0.097,0.141,0.12,0.098,0.12
4,4,4,5,0.133,0.097,0.141,0.12,0.098,0.12,0.114
4,4,3,6,0.097,0.141,0.12,0.098,0.12,0.114,1.008
5,1,4,1,0.141,0.12,0.098,0.12,0.114,1.008,0.786
5,1,4,2,0.12,0.098,0.12,0.114,1.008,0.786,0.097
5,1,2,3,0.098,0.12,0.114,1.008,0.786,0.097,0.118
5,1,4,4,0.12,0.114,1.008,0.786,0.097,0.118,0.139
5,1,2,5,0.114,1.008,0.786,0.097,0.118,0.139,0.1
5,1,3,6,1.008,0.786,0.097,0.118,0.139,0.1,0.118
5,2,4,1,0.786,0.097,0.118,0.139,0.1,0.118,0.125
5,2,3,2,0.097,0.118,0.139,0.1,0.118,0.125,0.115
5,2,4,3,0.118,0.139,0.1,0.118,0.125,0.115,0.138
5,2,4,4,0.139,0.1,0.118,0.125,0.115,0.138,0.097
5,2,3,5,0.1,0.118,0.125,0.115,0.138,0.097,0.13
5,2,5,6,0.118,0.125,0.115,0.138,0.097,0.13,0.997
5,3,3,1,0.125,0.115,0.138,0.097,0.13,0.997,0.191
5,3,5,2,0.115,0.138,0.097,0.13,0.997,0.191,0.303
5,3,5,3,0.138,0.097,0.13,0.997,0.191,0.303,1.255
5,3,3,4,0.097,0.13,0.997,0.191,0.303,1.255,0.197
5,3,5,5,0.13,0.997,0.191,0.303,1.255,0.197,0.482
5,3,5,6,0.997,0.191,0.303,1.255,0.197,0.482,1.826
5,4,5,1,0.191,0.303,1.255,0.197,0.482,1.826,0.56
5,4,5,2,0.303,1.255,0.197,0.482,1.826,0.56,0.684
5,4,4,3,1.255,0.197,0.482,1.826,0.56,0.684,0.216
5,4,5,4,0.197,0.482,1.826,0.56,0.684,0.216,0.48
5,4,5,5,0.482,1.826,0.56,0.684,0.216,0.48,1.493
5,4,5,6,1.826,0.56,0.684,0.216,0.48,1.493,0.72
6,1,4,1,0.56,0.684,0.216,0.48,1.493,0.72,1.315
6,1,5,2,0.684,0.216,0.48,1.493,0.72,1.315,0.244
6,1,4,3,0.216,0.48,1.493,0.72,1.315,0.244,0.114
6,1,3,4,0.48,1.493,0.72,1.315,0.244,0.114,0.121
6,1,4,5,1.493,0.72,1.315,0.244,0.114,0.121,0.126
6,1,3,6,0.72,1.315,0.244,0.114,0.121,0.126,0.099
6,2,4,1,1.315,0.244,0.114,0.121,0.126,0.099,0.134
6,2,4,2,0.244,0.114,0.121,0.126,0.099,0.134,0.108
6,2,2,3,0.114,0.121,0.126,0.099,0.134,0.108,0.11
6,2,5,4,0.121,0.126,0.099,0.134,0.108,0.11,0.159
6,2,2,5,0.126,0.099,0.134,0.108,0.11,0.159,0.094
6,2,4,6,0.099,0.134,0.108,0.11,0.159,0.094,0.126
6,3,3,1,0.134,0.108,0.11,0.159,0.094,0.126,0.123
6,3,4,2,0.108,0.11,0.159,0.094,0.126,0.123,0.118
6,3,3,3,0.11,0.159,0.094,0.126,0.123,0.118,0.117
6,3,4,4,0.159,0.094,0.126,0.123,0.118,0.117,0.139
6,3,4,5,0.094,0.126,0.123,0.118,0.117,0.139,0.143
6,3,3,6,0.126,0.123,0.118,0.117,0.139,0.143,0.095
6,4,4,1,0.123,0.118,0.117,0.139,0.143,0.095,0.12
6,4,3,2,0.118,0.117,0.139,0.143,0.095,0.12,0.133
6,4,3,3,0.117,0.139,0.143,0.095,0.12,0.133,0.129
6,4,4,4,0.139,0.143,0.095,0.12,0.133,0.129,0.102
6,4,4,5,0.143,0.095,0.12,0.133,0.129,0.102,0.13
6,4,3,6,0.095,0.12,0.133,0.129,0.102,0.13,0.127
7,1,3,1,0.12,0.133,0.129,0.102,0.13,0.127,0.09
7,1,4,2,0.133,0.129,0.102,0.13,0.127,0.09,0.073
7,1,3,3,0.129,0.102,0.13,0.127,0.09,0.073,0.126
7,1,4,4,0.102,0.13,0.127,0.09,0.073,0.126,0.119
7,1,4,5,0.13,0.127,0.09,0.073,0.126,0.119,0.123
7,1,3,6,0.127,0.09,0.073,0.126,0.119,0.123,0.095
7,2,4,1,0.09,0.073,0.126,0.119,0.123,0.095,0.13
7,2,3,2,0.073,0.126,0.119,0.123,0.095,0.13,0.134
7,2,3,3,0.126,0.119,0.123,0.095,0.13,0.134,0.088
7,2,4,4,0.119,0.123,0.095,0.13,0.134,0.088,0.125
7,2,3,5,0.123,0.095,0.13,0.134,0.088,0.125,0.143
7,2,3,6,0.095,0.13,0.134,0.088,0.125,0.143,0.124
7,3,3,1,0.13,0.134,0.088,0.125,0.143,0.124,0.128
7,3,4,2,0.134,0.088,0.125,0.143,0.124,0.128,0.113
7,3,3,3,0.088,0.125,0.143,0.124,0.128,0.113,0.174
7,3,4,4,0.125,0.143,0.124,0.128,0.113,0.174,1.123
7,3,4,5,0.143,0.124,0.128,0.113,0.174,1.123,0.633
7,3,4,6,0.124,0.128,0.113,0.174,1.123,0.633,0.116
7,4,4,1,0.128,0.113,0.174,1.123,0.633,0.116,0.131
7,4,3,2,0.113,0.174,1.123,0.633,0.116,0.131,0.67
7,4,5,3,0.174,1.123,0.633,0.116,0.131,0.67,1.517
7,4,5,4,1.123,0.633,0.116,0.131,0.67,1.517,0.23
7,4,4,5,0.633,0.116,0.131,0.67,1.517,0.23,0.233
7,4,3,6,0.116,0.131,0.67,1.517,0.23,0.233,0.094
1,1,3,1,0.131,0.67,1.517,0.23,0.233,0.094,0.106
1,1,3,2,0.67,1.517,0.23,0.233,0.094,0.106,0.096
1,1,3,3,1.517,0.23,0.233,0.094,0.106,0.096,0.094
1,1,3,4,0.23,0.233,0.094,0.106,0.096,0.094,0.13
1,1,3,5,0.233,0.094,0.106,0.096,0.094,0.13,0.124
1,1,3,6,0.094,0.106,0.096,0.094,0.13,0.124,0.081
1,2,4,1,0.106,0.096,0.094,0.13,0.124,0.081,0.136
1,2,3,2,0.096,0.094,0.13,0.124,0.081,0.136,0.139
1,2,3,3,0.094,0.13,0.124,0.081,0.136,0.139,0.929
1,2,4,4,0.13,0.124,0.081,0.136,0.139,0.929,0.466
1,2,4,5,0.124,0.081,0.136,0.139,0.929,0.466,0.135
1,2,3,6,0.081,0.136,0.139,0.929,0.466,0.135,0.078
1,3,4,1,0.136,0.139,0.929,0.466,0.135,0.078,0.173
1,3,4,2,0.139,0.929,0.466,0.135,0.078,0.173,0.174
1,3,4,3,0.929,0.466,0.135,0.078,0.173,0.174,0.1
1,3,4,4,0.466,0.135,0.078,0.173,0.174,0.1,0.132
1,3,3,5,0.135,0.078,0.173,0.174,0.1,0.132,0.143
1,3,3,6,0.078,0.173,0.174,0.1,0.132,0.143,0.118
1,4,4,1,0.173,0.174,0.1,0.132,0.143,0.118,0.099
1,4,3,2,0.174,0.1,0.132,0.143,0.118,0.099,0.139
1,4,4,3,0.1,0.132,0.143,0.118,0.099,0.139,0.107
1,4,4,4,0.132,0.143,0.118,0.099,0.139,0.107,0.954
1,4,4,5,0.143,0.118,0.099,0.139,0.107,0.954,0.508
1,4,4,6,0.118,0.099,0.139,0.107,0.954,0.508,0.083
2,1,3,1,0.099,0.139,0.107,0.954,0.508,0.083,0.111
2,1,3,2,0.139,0.107,0.954,0.508,0.083,0.111,0.125
2,1,4,3,0.107,0.954,0.508,0.083,0.111,0.125,0.093
2,1,3,4,0.954,0.508,0.083,0.111,0.125,0.093,0.123
2,1,4,5,0.508,0.083,0.111,0.125,0.093,0.123,0.126
2,1,4,6,0.083,0.111,0.125,0.093,0.123,0.126,0.107
2,2,2,1,0.111,0.125,0.093,0.123,0.126,0.107,0.119
2,2,4,2,0.125,0.093,0.123,0.126,0.107,0.119,0.113
2,2,3,3,0.093,0.123,0.126,0.107,0.119,0.113,0.129
2,2,4,4,0.123,0.126,0.107,0.119,0.113,0.129,1.152
2,2,4,5,0.126,0.107,0.119,0.113,0.129,1.152,0.515
2,2,4,6,0.107,0.119,0.113,0.129,1.152,0.515,0.159
2,3,4,1,0.119,0.113,0.129,1.152,0.515,0.159,0.176
2,3,4,2,0.113,0.129,1.152,0.515,0.159,0.176,0.187
2,3,3,3,0.129,1.152,0.515,0.159,0.176,0.187,0.163
2,3,4,4,1.152,0.515,0.159,0.176,0.187,0.163,0.146
2,3,4,5,0.515,0.159,0.176,0.187,0.163,0.146,0.171
2,3,3,6,0.159,0.176,0.187,0.163,0.146,0.171,0.123
2,4,4,1,0.176,0.187,0.163,0.146,0.171,0.123,0.121
2,4,3,2,0.187,0.163,0.146,0.171,0.123,0.121,0.125
2,4,2,3,0.163,0.146,0.171,0.123,0.121,0.125,0.104
2,4,4,4,0.146,0.171,0.123,0.121,0.125,0.104,0.13
2,4,4,5,0.171,0.123,0.121,0.125,0.104,0.13,0.454
2,4,3,6,0.123,0.121,0.125,0.104,0.13,0.454,1.157
3,1,4,1,0.121,0.125,0.104,0.13,0.454,1.157,0.139
3,1,3,2,0.125,0.104,0.13,0.454,1.157,0.139,0.081
3,1,4,3,0.104,0.13,0.454,1.157,0.139,0.081,0.1
3,1,3,4,0.13,0.454,1.157,0.139,0.081,0.1,0.126
3,1,3,5,0.454,1.157,0.139,0.081,0.1,0.126,0.116
3,1,3,6,1.157,0.139,0.081,0.1,0.126,0.116,0.101
3,2,3,1,0.139,0.081,0.1,0.126,0.116,0.101,0.12
3,2,4,2,0.081,0.1,0.126,0.116,0.101,0.12,0.119
3,2,3,3,0.1,0.126,0.116,0.101,0.12,0.119,0.118
3,2,4,4,0.126,0.116,0.101,0.12,0.119,0.118,0.136
3,2,3,5,0.116,0.101,0.12,0.119,0.118,0.136,0.093
3,2,3,6,0.101,0.12,0.119,0.118,0.136,0.093,0.115
3,3,4,1,0.12,0.119,0.118,0.136,0.093,0.115,0.135
3,3,3,2,0.119,0.118,0.136,0.093,0.115,0.135,0.09
3,3,4,3,0.118,0.136,0.093,0.115,0.135,0.09,0.129
3,3,3,4,0.136,0.093,0.115,0.135,0.09,0.129,0.168
3,3,3,5,0.093,0.115,0.135,0.09,0.129,0.168,0.09
3,3,4,6,0.115,0.135,0.09,0.129,0.168,0.09,0.133
3,4,4,1,0.135,0.09,0.129,0.168,0.09,0.133,1.102
3,4,3,2,0.09,0.129,0.168,0.09,0.133,1.102,0.58
3,4,4,3,0.129,0.168,0.09,0.133,1.102,0.58,0.168
3,4,4,4,0.168,0.09,0.133,1.102,0.58,0.168,0.143
3,4,2,5,0.09,0.133,1.102,0.58,0.168,0.143,0.097
3,4,4,6,0.133,1.102,0.58,0.168,0.143,0.097,0.128
4,1,3,1,1.102,0.58,0.168,0.143,0.097,0.128,0.103
4,1,3,2,0.58,0.168,0.143,0.097,0.128,0.103,0.081
4,1,3,3,0.168,0.143,0.097,0.128,0.103,0.081,0.121
4,1,4,4,0.143,0.097,0.128,0.103,0.081,0.121,0.134
4,1,2,5,0.097,0.128,0.103,0.081,0.121,0.134,0.096
4,1,3,6,0.128,0.103,0.081,0.121,0.134,0.096,0.116
4,2,4,1,0.103,0.081,0.121,0.134,0.096,0.116,0.136
4,2,3,2,0.081,0.121,0.134,0.096,0.116,0.136,0.09
4,2,4,3,0.121,0.134,0.096,0.116,0.136,0.09,0.717
4,2,4,4,0.134,0.096,0.116,0.136,0.09,0.717,0.737
4,2,5,5,0.096,0.116,0.136,0.09,0.717,0.737,0.871
4,2,4,6,0.116,0.136,0.09,0.717,0.737,0.871,0.273
4,3,5,1,0.136,0.09,0.717,0.737,0.871,0.273,0.242
4,3,2,2,0.09,0.717,0.737,0.871,0.273,0.242,0.135
4,3,4,3,0.717,0.737,0.871,0.273,0.242,0.135,0.171
4,3,4,4,0.737,0.871,0.273,0.242,0.135,0.171,0.127
4,3,3,5,0.871,0.273,0.242,0.135,0.171,0.127,0.105
4,3,5,6,0.273,0.242,0.135,0.171,0.127,0.105,0.367
4,4,3,1,0.242,0.135,0.171,0.127,0.105,0.367,0.097
4,4,4,2,0.135,0.171,0.127,0.105,0.367,0.097,0.113
4,4,3,3,0.171,0.127,0.105,0.367,0.097,0.113,0.14
4,4,4,4,0.127,0.105,0.367,0.097,0.113,0.14,0.631
4,4,4,5,0.105,0.367,0.097,0.113,0.14,0.631,0.76
4,4,3,6,0.367,0.097,0.113,0.14,0.631,0.76,0.147
5,1,2,1,0.097,0.113,0.14,0.631,0.76,0.147,0.058
5,1,4,2,0.113,0.14,0.631,0.76,0.147,0.058,0.119
5,1,4,3,0.14,0.631,0.76,0.147,0.058,0.119,0.142
5,1,2,4,0.631,0.76,0.147,0.058,0.119,0.142,0.072
5,1,4,5,0.76,0.147,0.058,0.119,0.142,0.072,0.141
5,1,4,6,0.147,0.058,0.119,0.142,0.072,0.141,0.132
5,2,2,1,0.058,0.119,0.142,0.072,0.141,0.132,0.08
5,2,4,2,0.119,0.142,0.072,0.141,0.132,0.08,0.148
5,2,3,3,0.142,0.072,0.141,0.132,0.08,0.148,0.113
5,2,4,4,0.072,0.141,0.132,0.08,0.148,0.113,0.101
5,2,3,5,0.141,0.132,0.08,0.148,0.113,0.101,0.135
5,2,4,6,0.132,0.08,0.148,0.113,0.101,0.135,0.107
5,3,4,1,0.08,0.148,0.113,0.101,0.135,0.107,0.141
5,3,3,2,0.148,0.113,0.101,0.135,0.107,0.141,0.166
5,3,4,3,0.113,0.101,0.135,0.107,0.141,0.166,0.168
5,3,4,4,0.101,0.135,0.107,0.141,0.166,0.168,0.533
5,3,3,5,0.135,0.107,0.141,0.166,0.168,0.533,1.127
5,3,3,6,0.107,0.141,0.166,0.168,0.533,1.127,0.132
5,4,4,1,0.141,0.166,0.168,0.533,1.127,0.132,0.097
5,4,4,2,0.166,0.168,0.533,1.127,0.132,0.097,0.131
5,4,4,3,0.168,0.533,1.127,0.132,0.097,0.131,0.341
5,4,4,4,0.533,1.127,0.132,0.097,0.131,0.341,1.097
5,4,4,5,1.127,0.132,0.097,0.131,0.341,1.097,0.276
5,4,4,6,0.132,0.097,0.131,0.341,1.097,0.276,0.108
6,1,3,1,0.097,0.131,0.341,1.097,0.276,0.108,0.101
6,1,4,2,0.131,0.341,1.097,0.276,0.108,0.101,0.093
6,1,3,3,0.341,1.097,0.276,0.108,0.101,0.093,0.112
6,1,4,4,1.097,0.276,0.108,0.101,0.093,0.112,0.122
6,1,3,5,0.276,0.108,0.101,0.093,0.112,0.122,0.12
6,1,3,6,0.108,0.101,0.093,0.112,0.122,0.12,0.103
6,2,4,1,0.101,0.093,0.112,0.122,0.12,0.103,0.13
6,2,2,2,0.093,0.112,0.122,0.12,0.103,0.13,0.118
6,2,4,3,0.112,0.122,0.12,0.103,0.13,0.118,0.101
6,2,3,4,0.122,0.12,0.103,0.13,0.118,0.101,0.146
6,2,3,5,0.12,0.103,0.13,0.118,0.101,0.146,1.15
6,2,3,6,0.103,0.13,0.118,0.101,0.146,1.15,0.5
6,3,4,1,0.13,0.118,0.101,0.146,1.15,0.5,0.498
6,3,4,2,0.118,0.101,0.146,1.15,0.5,0.498,0.217
6,3,4,3,0.101,0.146,1.15,0.5,0.498,0.217,0.375
6,3,5,4,0.146,1.15,0.5,0.498,0.217,0.375,0.402
6,3,4,5,1.15,0.5,0.498,0.217,0.375,0.402,0.138
6,3,5,6,0.5,0.498,0.217,0.375,0.402,0.138,0.519
6,4,5,1,0.498,0.217,0.375,0.402,0.138,0.519,0.198
6,4,4,2,0.217,0.375,0.402,0.138,0.519,0.198,1.74
6,4,5,3,0.375,0.402,0.138,0.519,0.198,1.74,0.52
6,4,4,4,0.402,0.138,0.519,0.198,1.74,0.52,0.673
6,4,5,5,0.138,0.519,0.198,1.74,0.52,0.673,0.508
6,4,4,6,0.519,0.198,1.74,0.52,0.673,0.508,0.745
7,1,5,1,0.198,1.74,0.52,0.673,0.508,0.745,0.994
7,1,5,2,1.74,0.52,0.673,0.508,0.745,0.994,0.67
7,1,4,3,0.52,0.673,0.508,0.745,0.994,0.67,0.806
7,1,5,4,0.673,0.508,0.745,0.994,0.67,0.806,0.931
7,1,5,5,0.508,0.745,0.994,0.67,0.806,0.931,0.144
7,1,5,6,0.745,0.994,0.67,0.806,0.931,0.144,0.12
7,2,4,1,0.994,0.67,0.806,0.931,0.144,0.12,0.124
7,2,4,2,0.67,0.806,0.931,0.144,0.12,0.124,0.117
7,2,4,3,0.806,0.931,0.144,0.12,0.124,0.117,0.111
7,2,5,4,0.931,0.144,0.12,0.124,0.117,0.111,0.476
7,2,5,5,0.144,0.12,0.124,0.117,0.111,0.476,1.11
7,2,3,6,0.12,0.124,0.117,0.111,0.476,1.11,0.125
7,3,5,1,0.124,0.117,0.111,0.476,1.11,0.125,1.128
7,3,4,2,0.117,0.111,0.476,1.11,0.125,1.128,0.333
7,3,5,3,0.111,0.476,1.11,0.125,1.128,0.333,0.414
7,3,5,4,0.476,1.11,0.125,1.128,0.333,0.414,1.542
7,3,5,5,1.11,0.125,1.128,0.333,0.414,1.542,0.763
7,3,5,6,0.125,1.128,0.333,0.414,1.542,0.763,2.006
7,4,5,1,1.128,0.333,0.414,1.542,0.763,2.006,0.221
7,4,3,2,0.333,0.414,1.542,0.763,2.006,0.221,0.964
7,4,5,3,0.414,1.542,0.763,2.006,0.221,0.964,1.061
7,4,4,4,1.542,0.763,2.006,0.221,0.964,1.061,0.895
7,4,2,5,0.763,2.006,0.221,0.964,1.061,0.895,0.904
7,4,4,6,2.006,0.221,0.964,1.061,0.895,0.904,0.359
1,1,5,1,0.221,0.964,1.061,0.895,0.904,0.359,0.266
1,1,4,2,0.964,1.061,0.895,0.904,0.359,0.266,0.122
1,1,4,3,1.061,0.895,0.904,0.359,0.266,0.122,0.144
1,1,3,4,0.895,0.904,0.359,0.266,0.122,0.144,0.108
1,1,4,5,0.904,0.359,0.266,0.122,0.144,0.108,0.107
1,1,3,6,0.359,0.266,0.122,0.144,0.108,0.107,0.135
1,2,3,1,0.266,0.122,0.144,0.108,0.107,0.135,0.093
1,2,4,2,0.122,0.144,0.108,0.107,0.135,0.093,0.129
1,2,4,3,0.144,0.108,0.107,0.135,0.093,0.129,0.264
1,2,4,4,0.108,0.107,0.135,0.093,0.129,0.264,0.1
1,2,3,5,0.107,0.135,0.093,0.129,0.264,0.1,0.115
1,2,4,6,0.135,0.093,0.129,0.264,0.1,0.115,0.141
1,3,3,1,0.093,0.129,0.264,0.1,0.115,0.141,0.094
1,3,3,2,0.129,0.264,0.1,0.115,0.141,0.094,0.295
1,3,4,3,0.264,0.1,0.115,0.141,0.094,0.295,0.941
1,3,5,4,0.1,0.115,0.141,0.094,0.295,0.941,1.215
1,3,3,5,0.115,0.141,0.094,0.295,0.941,1.215,0.191
1,3,5,6,0.141,0.094,0.295,0.941,1.215,0.191,0.158
1,4,3,1,0.094,0.295,0.941,1.215,0.191,0.158,0.102
1,4,4,2,0.295,0.941,1.215,0.191,0.158,0.102,0.136
1,4,4,3,0.941,1.215,0.191,0.158,0.102,0.136,0.109
1,4,3,4,1.215,0.191,0.158,0.102,0.136,0.109,0.108
1,4,4,5,0.191,0.158,0.102,0.136,0.109,0.108,0.125
1,4,3,6,0.158,0.102,0.136,0.109,0.108,0.125,0.104
2,1,4,1,0.102,0.136,0.109,0.108,0.125,0.104,0.098
2,1,3,2,0.136,0.109,0.108,0.125,0.104,0.098,0.119
2,1,3,3,0.109,0.108,0.125,0.104,0.098,0.119,0.086
2,1,4,4,0.108,0.125,0.104,0.098,0.119,0.086,0.124
2,1,4,5,0.125,0.104,0.098,0.119,0.086,0.124,0.215
2,1,4,6,0.104,0.098,0.119,0.086,0.124,0.215,1.154
2,2,4,1,0.098,0.119,0.086,0.124,0.215,1.154,0.134
2,2,4,2,0.119,0.086,0.124,0.215,1.154,0.134,0.121
2,2,3,3,0.086,0.124,0.215,1.154,0.134,0.121,0.102
2,2,5,4,0.124,0.215,1.154,0.134,0.121,0.102,0.138
2,2,4,5,0.215,1.154,0.134,0.121,0.102,0.138,0.795
2,2,5,6,1.154,0.134,0.121,0.102,0.138,0.795,0.19
2,3,3,1,0.134,0.121,0.102,0.138,0.795,0.19,0.192
2,3,5,2,0.121,0.102,0.138,0.795,0.19,0.192,0.93
2,3,4,3,0.102,0.138,0.795,0.19,0.192,0.93,0.562
2,3,4,4,0.138,0.795,0.19,0.192,0.93,0.562,0.139
2,3,2,5,0.795,0.19,0.192,0.93,0.562,0.139,0.089
2,3,4,6,0.19,0.192,0.93,0.562,0.139,0.089,0.129
2,4,4,1,0.192,0.93,0.562,0.139,0.089,0.129,0.13
2,4,3,2,0.93,0.562,0.139,0.089,0.129,0.13,0.091
2,4,4,3,0.562,0.139,0.089,0.129,0.13,0.091,0.132
2,4,4,4,0.139,0.089,0.129,0.13,0.091,0.132,0.289
2,4,4,5,0.089,0.129,0.13,0.091,0.132,0.289,1.142
2,4,4,6,0.129,0.13,0.091,0.132,0.289,1.142,0.355
3,1,4,1,0.13,0.091,0.132,0.289,1.142,0.355,0.091
3,1,3,2,0.091,0.132,0.289,1.142,0.355,0.091,0.082
3,1,3,3,0.132,0.289,1.142,0.355,0.091,0.082,0.129
3,1,4,4,0.289,1.142,0.355,0.091,0.082,0.129,0.103
3,1,3,5,1.142,0.355,0.091,0.082,0.129,0.103,0.122
3,1,4,6,0.355,0.091,0.082,0.129,0.103,0.122,0.132
3,2,2,1,0.091,0.082,0.129,0.103,0.122,0.132,0.084
3,2,4,2,0.082,0.129,0.103,0.122,0.132,0.084,0.144
3,2,4,3,0.129,0.103,0.122,0.132,0.084,0.144,0.125
3,2,3,4,0.103,0.122,0.132,0.084,0.144,0.125,0.09
3,2,4,5,0.122,0.132,0.084,0.144,0.125,0.09,0.138
3,2,3,6,0.132,0.084,0.144,0.125,0.09,0.138,0.169
3,3,4,1,0.084,0.144,0.125,0.09,0.138,0.169,0.157
3,3,5,2,0.144,0.125,0.09,0.138,0.169,0.157,0.363
3,3,3,3,0.125,0.09,0.138,0.169,0.157,0.363,0.11
3,3,3,4,0.09,0.138,0.169,0.157,0.363,0.11,0.145
3,3,4,5,0.138,0.169,0.157,0.363,0.11,0.145,0.146
3,3,2,6,0.169,0.157,0.363,0.11,0.145,0.146,0.098
3,4,4,1,0.157,0.363,0.11,0.145,0.146,0.098,0.121
3,4,3,2,0.363,0.11,0.145,0.146,0.098,0.121,0.136
3,4,4,3,0.11,0.145,0.146,0.098,0.121,0.136,0.903
3,4,3,4,0.145,0.146,0.098,0.121,0.136,0.903,0.719
3,4,4,5,0.146,0.098,0.121,0.136,0.903,0.719,0.122
3,4,3,6,0.098,0.121,0.136,0.903,0.719,0.122,0.115
4,1,4,1,0.121,0.136,0.903,0.719,0.122,0.115,0.117
4,1,3,2,0.136,0.903,0.719,0.122,0.115,0.117,0.083
4,1,4,3,0.903,0.719,0.122,0.115,0.117,0.083,0.121
4,1,3,4,0.719,0.122,0.115,0.117,0.083,0.121,0.133
4,1,3,5,0.122,0.115,0.117,0.083,0.121,0.133,0.097
4,1,2,6,0.115,0.117,0.083,0.121,0.133,0.097,0.115
4,2,4,1,0.117,0.083,0.121,0.133,0.097,0.115,0.135
4,2,4,2,0.083,0.121,0.133,0.097,0.115,0.135,0.106
4,2,4,3,0.121,0.133,0.097,0.115,0.135,0.106,1.044
4,2,4,4,0.133,0.097,0.115,0.135,0.106,1.044,0.592
4,2,4,5,0.097,0.115,0.135,0.106,1.044,0.592,0.112
4,2,3,6,0.115,0.135,0.106,1.044,0.592,0.112,0.123
4,3,3,1,0.135,0.106,1.044,0.592,0.112,0.123,0.103
4,3,4,2,0.106,1.044,0.592,0.112,0.123,0.103,0.128
4,3,3,3,1.044,0.592,0.112,0.123,0.103,0.128,0.122
4,3,3,4,0.592,0.112,0.123,0.103,0.128,0.122,0.12
4,3,4,5,0.112,0.123,0.103,0.128,0.122,0.12,0.13
4,3,3,6,0.123,0.103,0.128,0.122,0.12,0.13,0.135
